".","casual","member"
".",2770.62557096338,850.461955912025
